CREATE DATABASE  IF NOT EXISTS `laptop_wms_lite`;

USE `laptop_wms_lite`;
-- MySQL dump 10.13  Distrib 8.0.43, for Win64 (x86_64)
--
-- Host: localhost    Database: laptop_wms_lite
-- ------------------------------------------------------
-- Server version	8.0.43

/*!40101 SET @OLD_CHARACTER_SET_CLIENT=@@CHARACTER_SET_CLIENT */;
/*!40101 SET @OLD_CHARACTER_SET_RESULTS=@@CHARACTER_SET_RESULTS */;
/*!40101 SET @OLD_COLLATION_CONNECTION=@@COLLATION_CONNECTION */;
/*!50503 SET NAMES utf8 */;
/*!40103 SET @OLD_TIME_ZONE=@@TIME_ZONE */;
/*!40103 SET TIME_ZONE='+00:00' */;
/*!40014 SET @OLD_UNIQUE_CHECKS=@@UNIQUE_CHECKS, UNIQUE_CHECKS=0 */;
/*!40014 SET @OLD_FOREIGN_KEY_CHECKS=@@FOREIGN_KEY_CHECKS, FOREIGN_KEY_CHECKS=0 */;
/*!40101 SET @OLD_SQL_MODE=@@SQL_MODE, SQL_MODE='NO_AUTO_VALUE_ON_ZERO' */;
/*!40111 SET @OLD_SQL_NOTES=@@SQL_NOTES, SQL_NOTES=0 */;

--
-- Table structure for table `notifications`
--

DROP TABLE IF EXISTS `notifications`;
/*!40101 SET @saved_cs_client     = @@character_set_client */;
/*!50503 SET character_set_client = utf8mb4 */;
CREATE TABLE `notifications` (
  `notification_id` int NOT NULL AUTO_INCREMENT,
  `user_id` int NOT NULL,
  `title` varchar(255) NOT NULL,
  `message` text NOT NULL,
  `is_read` tinyint(1) DEFAULT '0',
  `created_at` timestamp NULL DEFAULT CURRENT_TIMESTAMP,
  PRIMARY KEY (`notification_id`),
  KEY `user_id` (`user_id`),
  CONSTRAINT `notifications_ibfk_1` FOREIGN KEY (`user_id`) REFERENCES `users` (`user_id`) ON DELETE CASCADE
) ENGINE=InnoDB AUTO_INCREMENT=2 DEFAULT CHARSET=utf8mb4 COLLATE=utf8mb4_general_ci;
/*!40101 SET character_set_client = @saved_cs_client */;

--
-- Dumping data for table `notifications`
--

LOCK TABLES `notifications` WRITE;
/*!40000 ALTER TABLE `notifications` DISABLE KEYS */;
INSERT INTO `notifications` VALUES (1,3,'New Assignment','You have been assigned to Ticket #IMP-NOV-001',0,'2025-12-19 10:06:57');
/*!40000 ALTER TABLE `notifications` ENABLE KEYS */;
UNLOCK TABLES;

--
-- Table structure for table `permissions`
--

DROP TABLE IF EXISTS `permissions`;
/*!40101 SET @saved_cs_client     = @@character_set_client */;
/*!50503 SET character_set_client = utf8mb4 */;
CREATE TABLE `permissions` (
  `permission_id` int NOT NULL AUTO_INCREMENT,
  `permission_url` varchar(100) NOT NULL,
  `permission_description` text,
  PRIMARY KEY (`permission_id`),
  UNIQUE KEY `permission_url` (`permission_url`)
) ENGINE=InnoDB AUTO_INCREMENT=6 DEFAULT CHARSET=utf8mb4 COLLATE=utf8mb4_general_ci;
/*!40101 SET character_set_client = @saved_cs_client */;

--
-- Dumping data for table `permissions`
--

LOCK TABLES `permissions` WRITE;
/*!40000 ALTER TABLE `permissions` DISABLE KEYS */;
INSERT INTO `permissions` VALUES (1,'/dashboard','View Dashboard'),(2,'/ticket-list','View Tickets'),(3,'/create-ticket','Create New Ticket'),(4,'/approve-ticket','Approve/Reject Tickets'),(5,'/report-inventory','View Balance Report');
/*!40000 ALTER TABLE `permissions` ENABLE KEYS */;
UNLOCK TABLES;

--
-- Table structure for table `product_details`
--

DROP TABLE IF EXISTS `product_details`;
/*!40101 SET @saved_cs_client     = @@character_set_client */;
/*!50503 SET character_set_client = utf8mb4 */;
CREATE TABLE `product_details` (
  `product_detail_id` int NOT NULL AUTO_INCREMENT,
  `product_id` int NOT NULL,
  `cpu` varchar(100) DEFAULT NULL,
  `ram` varchar(50) DEFAULT NULL,
  `storage` varchar(50) DEFAULT NULL,
  `gpu` varchar(100) DEFAULT NULL,
  `unit` varchar(20) DEFAULT 'piece',
  `quantity` int DEFAULT '0',
  PRIMARY KEY (`product_detail_id`),
  KEY `product_id` (`product_id`),
  CONSTRAINT `product_details_ibfk_1` FOREIGN KEY (`product_id`) REFERENCES `products` (`product_id`) ON DELETE CASCADE
) ENGINE=InnoDB AUTO_INCREMENT=3 DEFAULT CHARSET=utf8mb4 COLLATE=utf8mb4_general_ci;
/*!40101 SET character_set_client = @saved_cs_client */;

--
-- Dumping data for table `product_details`
--

LOCK TABLES `product_details` WRITE;
/*!40000 ALTER TABLE `product_details` DISABLE KEYS */;
INSERT INTO `product_details` VALUES (1,1,'Core i7','16GB','512GB',NULL,'piece',50),(2,2,'M3 Pro','18GB','512GB',NULL,'piece',0);
/*!40000 ALTER TABLE `product_details` ENABLE KEYS */;
UNLOCK TABLES;

--
-- Table structure for table `products`
--

DROP TABLE IF EXISTS `products`;
/*!40101 SET @saved_cs_client     = @@character_set_client */;
/*!50503 SET character_set_client = utf8mb4 */;
CREATE TABLE `products` (
  `product_id` int NOT NULL AUTO_INCREMENT,
  `product_name` varchar(255) NOT NULL,
  `brand` varchar(50) DEFAULT NULL,
  `category` varchar(50) DEFAULT 'Laptop',
  `status` tinyint(1) DEFAULT '1',
  PRIMARY KEY (`product_id`)
) ENGINE=InnoDB AUTO_INCREMENT=3 DEFAULT CHARSET=utf8mb4 COLLATE=utf8mb4_general_ci;
/*!40101 SET character_set_client = @saved_cs_client */;

--
-- Dumping data for table `products`
--

LOCK TABLES `products` WRITE;
/*!40000 ALTER TABLE `products` DISABLE KEYS */;
INSERT INTO `products` VALUES (1,'Dell XPS 13','Dell','Laptop',1),(2,'MacBook Pro 16','Apple','Laptop',1);
/*!40000 ALTER TABLE `products` ENABLE KEYS */;
UNLOCK TABLES;

--
-- Table structure for table `role_permissions`
--

DROP TABLE IF EXISTS `role_permissions`;
/*!40101 SET @saved_cs_client     = @@character_set_client */;
/*!50503 SET character_set_client = utf8mb4 */;
CREATE TABLE `role_permissions` (
  `role_permission_id` int NOT NULL AUTO_INCREMENT,
  `role_id` int NOT NULL,
  `permission_id` int NOT NULL,
  PRIMARY KEY (`role_permission_id`),
  KEY `role_id` (`role_id`),
  KEY `permission_id` (`permission_id`),
  CONSTRAINT `role_permissions_ibfk_1` FOREIGN KEY (`role_id`) REFERENCES `roles` (`role_id`) ON DELETE CASCADE,
  CONSTRAINT `role_permissions_ibfk_2` FOREIGN KEY (`permission_id`) REFERENCES `permissions` (`permission_id`) ON DELETE CASCADE
) ENGINE=InnoDB AUTO_INCREMENT=14 DEFAULT CHARSET=utf8mb4 COLLATE=utf8mb4_general_ci;
/*!40101 SET character_set_client = @saved_cs_client */;

--
-- Dumping data for table `role_permissions`
--

LOCK TABLES `role_permissions` WRITE;
/*!40000 ALTER TABLE `role_permissions` DISABLE KEYS */;
INSERT INTO `role_permissions` VALUES (1,1,4),(2,1,3),(3,1,1),(4,1,5),(5,1,2),(8,2,1),(9,2,2),(10,2,3),(11,3,1),(12,3,2),(13,3,4);
/*!40000 ALTER TABLE `role_permissions` ENABLE KEYS */;
UNLOCK TABLES;

--
-- Table structure for table `roles`
--

DROP TABLE IF EXISTS `roles`;
/*!40101 SET @saved_cs_client     = @@character_set_client */;
/*!50503 SET character_set_client = utf8mb4 */;
CREATE TABLE `roles` (
  `role_id` int NOT NULL AUTO_INCREMENT,
  `role_name` varchar(50) NOT NULL,
  `role_description` text,
  PRIMARY KEY (`role_id`),
  UNIQUE KEY `role_name` (`role_name`)
) ENGINE=InnoDB AUTO_INCREMENT=4 DEFAULT CHARSET=utf8mb4 COLLATE=utf8mb4_general_ci;
/*!40101 SET character_set_client = @saved_cs_client */;

--
-- Dumping data for table `roles`
--

LOCK TABLES `roles` WRITE;
/*!40000 ALTER TABLE `roles` DISABLE KEYS */;
INSERT INTO `roles` VALUES (1,'Admin','Full Access'),(2,'Sale','Creates Tickets'),(3,'Keeper','Approves Tickets');
/*!40000 ALTER TABLE `roles` ENABLE KEYS */;
UNLOCK TABLES;

--
-- Table structure for table `stock_ledger`
--

DROP TABLE IF EXISTS `stock_ledger`;
/*!40101 SET @saved_cs_client     = @@character_set_client */;
/*!50503 SET character_set_client = utf8mb4 */;
CREATE TABLE `stock_ledger` (
  `ledger_id` int NOT NULL AUTO_INCREMENT,
  `product_detail_id` int NOT NULL,
  `ticket_id` int NOT NULL,
  `quantity_change` int NOT NULL,
  `balance_after` int NOT NULL,
  `type` enum('IMPORT','EXPORT') NOT NULL,
  `created_at` timestamp NULL DEFAULT CURRENT_TIMESTAMP,
  PRIMARY KEY (`ledger_id`),
  KEY `product_detail_id` (`product_detail_id`),
  KEY `ticket_id` (`ticket_id`),
  CONSTRAINT `stock_ledger_ibfk_1` FOREIGN KEY (`product_detail_id`) REFERENCES `product_details` (`product_detail_id`),
  CONSTRAINT `stock_ledger_ibfk_2` FOREIGN KEY (`ticket_id`) REFERENCES `tickets` (`ticket_id`)
) ENGINE=InnoDB AUTO_INCREMENT=2 DEFAULT CHARSET=utf8mb4 COLLATE=utf8mb4_general_ci;
/*!40101 SET character_set_client = @saved_cs_client */;

--
-- Dumping data for table `stock_ledger`
--

LOCK TABLES `stock_ledger` WRITE;
/*!40000 ALTER TABLE `stock_ledger` DISABLE KEYS */;
INSERT INTO `stock_ledger` VALUES (1,1,1,50,50,'IMPORT','2025-11-01 03:00:00');
/*!40000 ALTER TABLE `stock_ledger` ENABLE KEYS */;
UNLOCK TABLES;

--
-- Table structure for table `ticket_items`
--

DROP TABLE IF EXISTS `ticket_items`;
/*!40101 SET @saved_cs_client     = @@character_set_client */;
/*!50503 SET character_set_client = utf8mb4 */;
CREATE TABLE `ticket_items` (
  `ticket_item_id` int NOT NULL AUTO_INCREMENT,
  `ticket_id` int NOT NULL,
  `product_detail_id` int NOT NULL,
  `quantity` int NOT NULL,
  PRIMARY KEY (`ticket_item_id`),
  KEY `ticket_id` (`ticket_id`),
  KEY `product_detail_id` (`product_detail_id`),
  CONSTRAINT `ticket_items_ibfk_1` FOREIGN KEY (`ticket_id`) REFERENCES `tickets` (`ticket_id`) ON DELETE CASCADE,
  CONSTRAINT `ticket_items_ibfk_2` FOREIGN KEY (`product_detail_id`) REFERENCES `product_details` (`product_detail_id`)
) ENGINE=InnoDB AUTO_INCREMENT=2 DEFAULT CHARSET=utf8mb4 COLLATE=utf8mb4_general_ci;
/*!40101 SET character_set_client = @saved_cs_client */;

--
-- Dumping data for table `ticket_items`
--

LOCK TABLES `ticket_items` WRITE;
/*!40000 ALTER TABLE `ticket_items` DISABLE KEYS */;
INSERT INTO `ticket_items` VALUES (1,1,1,50);
/*!40000 ALTER TABLE `ticket_items` ENABLE KEYS */;
UNLOCK TABLES;

--
-- Table structure for table `tickets`
--

DROP TABLE IF EXISTS `tickets`;
/*!40101 SET @saved_cs_client     = @@character_set_client */;
/*!50503 SET character_set_client = utf8mb4 */;
CREATE TABLE `tickets` (
  `ticket_id` int NOT NULL AUTO_INCREMENT,
  `ticket_code` varchar(20) DEFAULT NULL,
  `type` enum('IMPORT','EXPORT') NOT NULL,
  `title` varchar(150) DEFAULT NULL,
  `description` text,
  `status` enum('PENDING','APPROVED','REJECTED') DEFAULT 'PENDING',
  `created_by` int NOT NULL,
  `assigned_keeper` int DEFAULT NULL,
  `created_at` timestamp NULL DEFAULT CURRENT_TIMESTAMP,
  `processed_at` timestamp NULL DEFAULT NULL,
  `keeper_note` text,
  PRIMARY KEY (`ticket_id`),
  UNIQUE KEY `ticket_code` (`ticket_code`),
  KEY `created_by` (`created_by`),
  KEY `assigned_keeper` (`assigned_keeper`),
  CONSTRAINT `tickets_ibfk_1` FOREIGN KEY (`created_by`) REFERENCES `users` (`user_id`),
  CONSTRAINT `tickets_ibfk_2` FOREIGN KEY (`assigned_keeper`) REFERENCES `users` (`user_id`)
) ENGINE=InnoDB DEFAULT CHARSET=utf8mb4 COLLATE=utf8mb4_general_ci;
/*!40101 SET character_set_client = @saved_cs_client */;

--
-- Dumping data for table `tickets`
--

LOCK TABLES `tickets` WRITE;
/*!40000 ALTER TABLE `tickets` DISABLE KEYS */;
/*!40000 ALTER TABLE `tickets` ENABLE KEYS */;
UNLOCK TABLES;

--
-- Table structure for table `users`
--

DROP TABLE IF EXISTS `users`;
/*!40101 SET @saved_cs_client     = @@character_set_client */;
/*!50503 SET character_set_client = utf8mb4 */;
CREATE TABLE `users` (
  `user_id` int NOT NULL AUTO_INCREMENT,
  `username` varchar(100) NOT NULL,
  `password` varchar(255) NOT NULL,
  `full_name` varchar(255) NOT NULL,
  `email` varchar(255) NOT NULL,
  `role_id` int NOT NULL,
  `status` enum('active','inactive') DEFAULT 'active',
  PRIMARY KEY (`user_id`),
  UNIQUE KEY `username` (`username`),
  UNIQUE KEY `email` (`email`),
  KEY `role_id` (`role_id`),
  CONSTRAINT `users_ibfk_1` FOREIGN KEY (`role_id`) REFERENCES `roles` (`role_id`)
) ENGINE=InnoDB AUTO_INCREMENT=4 DEFAULT CHARSET=utf8mb4 COLLATE=utf8mb4_general_ci;
/*!40101 SET character_set_client = @saved_cs_client */;

--
-- Dumping data for table `users`
--

LOCK TABLES `users` WRITE;
/*!40000 ALTER TABLE `users` DISABLE KEYS */;
INSERT INTO `users` VALUES (1,'admin','123','System Admin','admin@wms.com',1,'active'),(2,'sale1','123','Sarah Sales','sale1@wms.com',2,'active'),(3,'keeper1','123','Kevin Keeper','keeper1@wms.com',3,'active');
/*!40000 ALTER TABLE `users` ENABLE KEYS */;
UNLOCK TABLES;
/*!40103 SET TIME_ZONE=@OLD_TIME_ZONE */;

/*!40101 SET SQL_MODE=@OLD_SQL_MODE */;
/*!40014 SET FOREIGN_KEY_CHECKS=@OLD_FOREIGN_KEY_CHECKS */;
/*!40014 SET UNIQUE_CHECKS=@OLD_UNIQUE_CHECKS */;
/*!40101 SET CHARACTER_SET_CLIENT=@OLD_CHARACTER_SET_CLIENT */;
/*!40101 SET CHARACTER_SET_RESULTS=@OLD_CHARACTER_SET_RESULTS */;
/*!40101 SET COLLATION_CONNECTION=@OLD_COLLATION_CONNECTION */;
/*!40111 SET SQL_NOTES=@OLD_SQL_NOTES */;

-- Dump completed on 2025-12-19 23:54:11
